{"cameraMode":{"drawMode":0,"name":"Shaded","section":"Shading Mode"},"sceneLighting":false,"audioPlay":false,"sceneViewState":{"showFog":true,"showMaterialUpdate":false,"showSkybox":false,"showFlares":true,"showImageEffects":true,"showParticleSystems":true},"in2DMode":false,"pivot":{"x":-0.11496980488300324,"y":0.15920069813728333,"z":0.014692962169647217},"rotation":{"x":0.014921434223651886,"y":0.1018117219209671,"z":0.0015272810123860837,"w":-0.9946905970573425},"size":0.4725240170955658,"orthographic":false}