{"cameraMode":{"drawMode":0,"name":"Shaded","section":"Shading Mode"},"sceneLighting":false,"audioPlay":false,"sceneViewState":{"showFog":true,"showMaterialUpdate":false,"showSkybox":false,"showFlares":true,"showImageEffects":true,"showParticleSystems":true},"in2DMode":false,"pivot":{"x":-0.11103886365890503,"y":0.1534208059310913,"z":0.025794565677642823},"rotation":{"x":-0.15484806895256043,"y":0.8167009353637695,"z":-0.4932362139225006,"w":-0.2563974857330322},"size":0.37717312574386599,"orthographic":false}